{
  "best_val_acc": 61.801016702977485,
  "class_map": {
    "1": 0,
    "2": 1,
    "3": 2,
    "4": 3,
    "5": 4,
    "8": 5,
    "20": 6,
    "24": 7,
    "29": 8,
    "30": 9,
    "32": 10,
    "36": 11,
    "38": 12,
    "39": 13,
    "40": 14,
    "44": 15,
    "45": 16,
    "47": 17,
    "54": 18,
    "55": 19,
    "58": 20,
    "60": 21,
    "62": 22,
    "64": 23,
    "71": 24,
    "72": 25,
    "77": 26,
    "82": 27,
    "83": 28,
    "94": 29
  },
  "model_config": {
    "input_dim": 4,
    "d_model": 128,
    "num_classes": 30,
    "seq_len": 32,
    "num_heads": 8,
    "num_layers": 3,
    "dropout": 0.1
  },
  "training_history": {
    "train_acc": [
      8.912541677353168,
      10.874583226468324,
      14.401128494485766,
      17.017183893305976,
      20.774557578866375,
      24.775583482944345,
      27.481405488586816,
      29.85380866888946,
      31.982559630674533,
      33.76506796614517,
      35.17568607335214,
      37.07360861759425,
      38.1508078994614,
      39.484483200820726,
      40.830982303154656,
      42.13901000256476,
      44.690946396511926,
      45.357784047191586,
      46.2426263144396,
      47.76865863041806,
      48.037958450884844,
      49.20492433957425,
      50.705309053603486,
      50.987432675044886,
      52.61605539882021,
      53.79584508848423,
      54.79610156450372,
      55.42446781225955,
      56.77096691459349,
      57.86098999743524,
      58.43806104129264,
      59.18184149781995,
      60.36163118748397,
      61.14388304693511,
      61.79789689664016,
      63.1443959989741,
      63.836881251602975,
      64.33700948961273,
      65.95280841241343,
      66.42728904847397,
      67.14542190305207,
      68.17132598102077,
      71.91587586560657,
      73.9933316234932,
      75.51936393947166,
      76.26314439599898,
      77.63529110028212,
      78.85355219286997,
      79.71274685816876,
      79.98204667863554
    ],
    "val_acc": [
      10.384894698620188,
      13.071895424836601,
      15.541031227305737,
      19.17211328976035,
      22.58533042846768,
      27.45098039215686,
      29.702251270878723,
      32.97022512708787,
      32.97022512708787,
      36.74655047204067,
      35.87509077705156,
      40.08714596949891,
      41.830065359477125,
      40.45025417574437,
      42.19317356572259,
      45.17066085693536,
      43.500363108206244,
      43.64560639070443,
      46.695715323166304,
      47.712418300653596,
      49.16485112563544,
      47.712418300653596,
      49.96368917937546,
      50.83514887436456,
      51.63398692810458,
      51.851851851851855,
      50.83514887436456,
      51.561365286855484,
      52.868554829339146,
      53.2316630355846,
      54.46623093681917,
      56.209150326797385,
      55.41031227305737,
      56.64488017429194,
      57.0079883805374,
      57.58896151053014,
      58.31517792302106,
      57.879448075526504,
      57.08061002178649,
      58.96877269426289,
      58.53304284676834,
      59.47712418300654,
      60.639070442992015,
      60.56644880174292,
      61.43790849673203,
      61.583151779230214,
      61.801016702977485,
      61.14742193173566,
      60.78431372549019,
      60.92955700798838
    ],
    "train_loss": [
      3.2955947381551147,
      3.206897035973971,
      3.062851016638709,
      2.94629106658404,
      2.8302678749209544,
      2.704188543264983,
      2.604346619277704,
      2.5115487477818474,
      2.438754383657799,
      2.3712462416437807,
      2.3105123771018667,
      2.259498610848286,
      2.1973631885208067,
      2.1396537242365663,
      2.0884878654949,
      2.05210739423017,
      1.9911376340467422,
      1.9486471116542816,
      1.9010160316209324,
      1.8615865555943036,
      1.835293160598786,
      1.7919976203168024,
      1.7425621493917998,
      1.7114276197112974,
      1.6659133131386803,
      1.6204768499878586,
      1.5996180907136104,
      1.5571403647543953,
      1.5116011141265024,
      1.4801942114947273,
      1.4436912416923242,
      1.4052761944591021,
      1.382160298892709,
      1.343304782128725,
      1.3111609955791568,
      1.2675848744931768,
      1.2427020571270928,
      1.2122962455280493,
      1.1662189041981932,
      1.1346545453931465,
      1.09846095533156,
      1.0863628531577156,
      0.9428204857423658,
      0.8701346403018373,
      0.8330787603483826,
      0.7922746982486522,
      0.7333914751156432,
      0.7001521285073679,
      0.6737075379026718,
      0.6587141352232362
    ],
    "val_loss": [
      3.225141471082514,
      3.1106131943789395,
      2.9812919280745764,
      2.8600401986729014,
      2.769166800108823,
      2.6456791433421047,
      2.5708402557806536,
      2.4802603775804695,
      2.48216897520152,
      2.3562871515750885,
      2.384193778038025,
      2.3007533225146206,
      2.2452186806635424,
      2.24180470271544,
      2.2244370119138197,
      2.136912605979226,
      2.121510633013465,
      2.1151124374432997,
      2.0649591359225186,
      2.062393009662628,
      2.0231565751812677,
      2.030672704631632,
      2.0276571105826986,
      1.9906137883663177,
      1.9729627804322676,
      1.9662557352672925,
      1.9527586427601902,
      1.9413710968060927,
      1.9183653376319192,
      1.8859359323978424,
      1.9004578265276821,
      1.8561841628768228,
      1.8870823031122035,
      1.8187776126644828,
      1.8224251107736067,
      1.8178153363141147,
      1.853837557814338,
      1.7618082897229628,
      1.915676626292142,
      1.9090864251960407,
      1.9101389321413906,
      1.8600892532955517,
      1.8244250796057961,
      1.959837561303919,
      1.9598215777765622,
      2.004305923526937,
      1.9738764654506336,
      2.051785310561007,
      2.071318803863092,
      2.117699121887034
    ]
  }
}