{
  "train_loss": [
    3.8677359001977103,
    3.687039795092174,
    3.3150706470012663,
    2.9603084794112613,
    2.686268218926021,
    2.4503044916050776,
    2.2675327748060226,
    2.0936114839145117,
    1.955985330258097,
    1.8415210119315557,
    1.7256938227585383,
    1.6231878331729344,
    1.5350091246621949,
    1.448666543832847,
    1.3774989426136017,
    1.3138252281716891,
    1.221192251784461,
    1.1527600109577179,
    1.0925858102738857,
    1.03049479542034
  ],
  "val_loss": [
    4.053590624673026,
    4.134774116107396,
    4.104982815470014,
    4.445082443101065,
    4.575030265535627,
    4.649309713499886,
    4.528894339288984,
    4.6782803671700615,
    4.687715012686593,
    4.878462757383074,
    4.84428733416966,
    5.074338132994516,
    5.148577230317252,
    5.159548950195313,
    5.162825281279428,
    5.369530865124294,
    5.396429419517517,
    5.525034465108599,
    5.746666410991124,
    5.7227886813027515
  ],
  "train_acc": [
    6.196962929879411,
    8.642251004912907,
    16.770879857079052,
    23.11299687360429,
    28.94149173738276,
    35.0044662795891,
    39.92853952657436,
    44.48414470745869,
    48.146493970522556,
    51.11656989727557,
    53.99732023224654,
    56.286288521661454,
    58.40777132648504,
    60.50692273336311,
    62.66190263510496,
    63.62215274676195,
    66.22376060741402,
    68.38990620812862,
    69.47297900848594,
    71.28182224207235
  ],
  "val_acc": [
    11.116071428571429,
    2.3214285714285716,
    6.5625,
    5.803571428571429,
    6.875,
    6.294642857142857,
    3.5267857142857144,
    5.535714285714286,
    4.285714285714286,
    5.178571428571429,
    3.5267857142857144,
    4.464285714285714,
    4.910714285714286,
    4.464285714285714,
    2.8125,
    6.071428571428571,
    5.044642857142857,
    5.9375,
    4.107142857142857,
    4.419642857142857
  ],
  "learning_rate": [
    9.990232305719945e-05,
    9.960967771506666e-05,
    9.912321891107009e-05,
    9.844486647586723e-05,
    9.757729755661011e-05,
    9.652393605146844e-05,
    9.528893909706797e-05,
    9.387718066217124e-05,
    9.229423231234974e-05,
    9.054634122155989e-05,
    8.864040551740155e-05,
    8.658394705735986e-05,
    8.438508174347008e-05,
    8.205248749256013e-05,
    7.959536998847742e-05,
    7.702342635146032e-05,
    7.434680686803489e-05,
    7.157607493247108e-05,
    6.872216535789155e-05,
    6.579634122155988e-05
  ]
}